Егоров;Алексей;1476058867577;Автоэксперт
Филиппов;Владислав;273355412272;Естествоиспытатель
Кузьмин;Мирон;97737271336119;Иллюзионист
Горшкова;Софья;9722981199488;Исследователь
Корчагина;Ариана;54379853574;Кооператор
Соколов;Марк;14969511710;Наладчик
Муравьева;Милана;26471880426;Пианист
Крылов;Владислав;6303782393;Плотник
Позднякова;Ольга;12127626815;Статистик
Колосов;Денис;57547053285689;Стрелочник
Зорин;Владислав;38532651711;Бальзамировщик
Вишневская;Вероника;993494213872;Бизнесмен
Литвинов;Илья;421362938109;Бортинженер
Морозова;Диана;393230852149;Гавази
Коровин;Матвей;132603396107;Манекенщица
Черепанова;Виктория;3922662424;Мореплаватель
Воронова;Евгения;64770470809;Мультипликатор
Михайлов;Максим;10343775338;Невропатолог
Никольский;Макар;524755209908;Шофёр
Зайцев;Иван;215588253;Энциклопедист
Петров;Ярослав;9154065667667;Агроинженер
Кузнецов;Максим;47890342297667;Анестезиолог
Морозов;Даниил;121835042629;Аниматор
Герасимова;Виктория;999925464220;Иллюзионист
Воробьев;Максим;21300555727;Лесничий
Мещеряков;Матвей;4666560165496;Маляр
Семенов;Даниль;981262227045;Певец
Леонтьев;Данил;824898004543;Писатель
Кольцов;Андрей;8042105323;Публицист
Алексеев;Виктор;69518957757;Спелеолог
Мальцев;Михаил;1538452762;Альмея
Смирнова;Софья;441667257725;Бортпроводник
Соболева;Екатерина;73391404276;Гастроэнтеролог
Харитонов;Иван;71238070648;Дегустатор
Климов;Максим;92973072287463;Мясник
Титова;Агата;43684994533;Образописец
Иванова;Ксения;351371643427;Пульмонолог
Астафьев;Артём;651013692156;Ректор
Полякова;Юлия;41324887304;Учитель
Суркова;Алина;62838688894;Экскурсовод
Рыбаков;Борис;343961010894;Авиатор
Морозова;Мария;4859392591485;Военный
Панов;Дмитрий;2958132400349;Горшечник
Русанова;Ева;344841032417;Кровельщик
Куликова;Аделина;3604133854203;Неонатолог
Попов;Александр;447788840368;Пекарь
Николаева;Варвара;47994310831;Слесарь
Мальцев;Алексей;30837465979;Трубочист
Моисеева;Виктория;570555858057;Управленц
Родионов;Михаил;7939663049018;Фельдшер
Севастьянова;Ирина;75708643549;Астролог
Степанова;Ангелина;81693686735;Бандерильеро
Волкова;Арина;532920786211;Консультант
Сорокин;Александр;3552763510877;Облицовщик
Петрова;Ирина;190169471698;Официант
Ушакова;Дарья;24461318247010;Печник
Назарова;Александра;11322604293;Проводник
Русаков;Николай;27435342749760;Риэлтор
Свиридов;Григорий;760935488328;Химик
Алексеев;Марк;923797152138;Экономист
Филатов;Семён;283771310242;Альпинист
Кириллова;Анастасия;351439682;Архиятр
Лукина;Елизавета;2197886570672;Генетик
Шишкин;Матвей;90176909978;Драпировщик
Карпова;Вера;4240236993;Кинолог
Маслов;Георгий;5029674373463;Корректор
Лопатин;Аркадий;56571735324;Лесовод
Зайцева;Нина;2946607465812;Ортопед
Зубкова;Полина;269334049474;Растениевод
Селезнева;Ольга;97304328977;Холодильщик
Захаров;Тимофей;946538449843;Автослесарь
Блинов;Михаил;842297359256;Венеролог
Соколова;Мария;69034328717;Каскадер
Фролов;Алексей;50992959318;Конвоир
Николаев;Даниил;753255988176;Коневод
Смирнова;Виктория;5889881780109;Оратор
Васильев;Давид;753782741928;Палеонтолог
Скворцова;Софья;716609128249;Прислуга
Злобин;Александр;164844618801;Уролог
Тихонова;Милана;385409082906;Фермер
Тимофеев;Лев;27524350678784;Архивист
Никифоров;Степан;771939138207;Бортинженер
Иванов;Григорий;830775723501;Драматург
Чернышева;Виктория;198081745666;Искусствовед
Васильев;Марк;1455420043644;Кочегар
Казаков;Артём;5364472119883;Мясник
Ульянов;Леон;2578858294;Обувщик
Коротков;Платон;41287138550548;Педагог
Краснов;Артём;40985876091743;Тележурналист
Артемов;Всеволод;1732108152;Чабан
Степанов;Алексей;403694691692;Военнослужащий
Павлов;Глеб;43579131213;Вышибала
Худяков;Роман;332453519435;Детектив
Ермаков;Михаил;6922494166379;Свинопас
Фомичева;Пелагея;13188149193;Сервейер
Тарасова;Ева;496181223886;Снабженец
Филиппов;Григорий;8821806156359;Таксидермист
Иванова;Варвара;963052735522;Терапевт
Богданов;Лев;1937334590;Ювелир
Климова;Полина;5099671828274;Юморист
Глинка;Вениамин;49287773737;Инженер